image_path,label
image/men\1.jpg,0
image/men\10.jpg,0
image/men\100.jpg,0
image/men\101.jpg,0
image/men\102.jpg,0
image/men\103.jpg,0
image/men\104.jpg,0
image/men\105.jpg,0
image/men\106.jpg,0
image/men\107.jpg,0
image/men\108.jpg,0
image/men\109.jpg,0
image/men\11.jpg,0
image/men\110.jpg,0
image/men\111.jpg,0
image/men\112.jpg,0
image/men\113.jpg,0
image/men\114.jpg,0
image/men\115.jpg,0
image/men\116.jpg,0
image/men\117.jpg,0
image/men\118.jpg,0
image/men\119.jpg,0
image/men\12.jpg,0
image/men\120.jpg,0
image/men\121.jpg,0
image/men\122.jpg,0
image/men\123.jpg,0
image/men\124.jpg,0
image/men\125.jpg,0
image/men\126.jpg,0
image/men\127.jpg,0
image/men\128.jpg,0
image/men\129.jpg,0
image/men\13.jpg,0
image/men\130.jpg,0
image/men\131.jpg,0
image/men\132.jpg,0
image/men\133.jpg,0
image/men\134.jpg,0
image/men\135.jpg,0
image/men\136.jpg,0
image/men\137.jpg,0
image/men\138.jpg,0
image/men\139.jpg,0
image/men\14.jpg,0
image/men\140.jpg,0
image/men\141.jpg,0
image/men\142.jpg,0
image/men\143.jpg,0
image/men\144.jpg,0
image/men\145.jpg,0
image/men\146.jpg,0
image/men\147.jpg,0
image/men\148.jpg,0
image/men\149.jpg,0
image/men\15.jpg,0
image/men\150.jpg,0
image/men\151.jpg,0
image/men\152.jpg,0
image/men\153.jpg,0
image/men\154.jpg,0
image/men\155.jpg,0
image/men\156.jpg,0
image/men\157.jpg,0
image/men\158.jpg,0
image/men\159.jpg,0
image/men\16.jpg,0
image/men\160.jpg,0
image/men\161.jpg,0
image/men\162.jpg,0
image/men\163.jpg,0
image/men\164.jpg,0
image/men\165.jpg,0
image/men\166.jpg,0
image/men\167.jpg,0
image/men\168.jpg,0
image/men\169.jpg,0
image/men\17.jpg,0
image/men\170.jpg,0
image/men\171.jpg,0
image/men\172.jpg,0
image/men\173.jpg,0
image/men\174.jpg,0
image/men\175.jpg,0
image/men\176.jpg,0
image/men\177.jpg,0
image/men\178.jpg,0
image/men\179.jpg,0
image/men\18.jpg,0
image/men\180.jpg,0
image/men\181.jpg,0
image/men\182.jpg,0
image/men\183.jpg,0
image/men\184.jpg,0
image/men\185.jpg,0
image/men\186.jpg,0
image/men\187.jpg,0
image/men\188.jpg,0
image/men\189.jpg,0
image/men\19.jpg,0
image/men\190.jpg,0
image/men\191.jpg,0
image/men\192.jpg,0
image/men\193.jpg,0
image/men\194.jpg,0
image/men\195.jpg,0
image/men\196.jpg,0
image/men\197.jpg,0
image/men\198.jpg,0
image/men\199.jpg,0
image/men\2.jpg,0
image/men\20.jpg,0
image/men\200.jpg,0
image/men\201.jpg,0
image/men\202.jpg,0
image/men\203.jpg,0
image/men\204.jpg,0
image/men\205.jpg,0
image/men\206.jpg,0
image/men\207.jpg,0
image/men\208.jpg,0
image/men\209.jpg,0
image/men\21.jpg,0
image/men\210.jpg,0
image/men\211.jpg,0
image/men\212.jpg,0
image/men\213.jpg,0
image/men\214.jpg,0
image/men\215.jpg,0
image/men\216.jpg,0
image/men\217.jpg,0
image/men\218.jpg,0
image/men\219.jpg,0
image/men\22.jpg,0
image/men\220.jpg,0
image/men\221.jpg,0
image/men\222.jpg,0
image/men\223.jpg,0
image/men\224.jpg,0
image/men\225.jpg,0
image/men\226.jpg,0
image/men\227.jpg,0
image/men\228.jpg,0
image/men\229.jpg,0
image/men\23.jpg,0
image/men\230.jpg,0
image/men\231.jpg,0
image/men\232.jpg,0
image/men\233.jpg,0
image/men\234.jpg,0
image/men\235.jpg,0
image/men\236.jpg,0
image/men\237.jpg,0
image/men\238.jpg,0
image/men\239.jpg,0
image/men\24.jpg,0
image/men\240.jpg,0
image/men\241.jpg,0
image/men\242.jpg,0
image/men\243.jpg,0
image/men\244.jpg,0
image/men\245.jpg,0
image/men\246.jpg,0
image/men\247.jpg,0
image/men\248.jpg,0
image/men\249.jpg,0
image/men\25.jpg,0
image/men\250.jpg,0
image/men\251.jpg,0
image/men\252.jpg,0
image/men\253.jpg,0
image/men\254.jpg,0
image/men\255.jpg,0
image/men\256.jpg,0
image/men\257.jpg,0
image/men\258.jpg,0
image/men\259.jpg,0
image/men\26.jpg,0
image/men\260.jpg,0
image/men\261.jpg,0
image/men\262.jpg,0
image/men\263.jpg,0
image/men\264.jpg,0
image/men\265.jpg,0
image/men\266.jpg,0
image/men\267.jpg,0
image/men\268.jpg,0
image/men\269.jpg,0
image/men\27.jpg,0
image/men\270.jpg,0
image/men\271.jpg,0
image/men\272.jpg,0
image/men\273.jpg,0
image/men\274.jpg,0
image/men\275.jpg,0
image/men\276.jpg,0
image/men\277.jpg,0
image/men\278.jpg,0
image/men\279.jpg,0
image/men\28.jpg,0
image/men\280.jpg,0
image/men\281.jpg,0
image/men\282.jpg,0
image/men\283.jpg,0
image/men\284.jpg,0
image/men\285.jpg,0
image/men\286.jpg,0
image/men\287.jpg,0
image/men\288.jpg,0
image/men\289.jpg,0
image/men\29.jpg,0
image/men\290.jpg,0
image/men\291.jpg,0
image/men\292.jpg,0
image/men\293.jpg,0
image/men\294.jpg,0
image/men\295.jpg,0
image/men\296.jpg,0
image/men\297.jpg,0
image/men\298.jpg,0
image/men\299.jpg,0
image/men\3.jpg,0
image/men\30.jpg,0
image/men\300.jpg,0
image/men\301.jpg,0
image/men\302.jpg,0
image/men\303.jpg,0
image/men\304.jpg,0
image/men\305.jpg,0
image/men\306.jpg,0
image/men\307.jpg,0
image/men\308.jpg,0
image/men\309.jpg,0
image/men\31.jpg,0
image/men\310.jpg,0
image/men\311.jpg,0
image/men\312.jpg,0
image/men\313.jpg,0
image/men\314.jpg,0
image/men\315.jpg,0
image/men\316.jpg,0
image/men\317.jpg,0
image/men\318.jpg,0
image/men\319.jpg,0
image/men\32.jpg,0
image/men\320.jpg,0
image/men\321.jpg,0
image/men\322.jpg,0
image/men\323.jpg,0
image/men\324.jpg,0
image/men\325.jpg,0
image/men\326.jpg,0
image/men\327.jpg,0
image/men\328.jpg,0
image/men\329.jpg,0
image/men\33.jpg,0
image/men\330.jpg,0
image/men\331.jpg,0
image/men\332.jpg,0
image/men\333.jpg,0
image/men\334.jpg,0
image/men\335.jpg,0
image/men\336.jpg,0
image/men\337.jpg,0
image/men\338.jpg,0
image/men\339.jpg,0
image/men\34.jpg,0
image/men\340.jpg,0
image/men\341.jpg,0
image/men\342.jpg,0
image/men\343.jpg,0
image/men\344.jpg,0
image/men\345.jpg,0
image/men\346.jpg,0
image/men\347.jpg,0
image/men\348.jpg,0
image/men\349.jpg,0
image/men\35.jpg,0
image/men\350.jpg,0
image/men\351.jpg,0
image/men\352.jpg,0
image/men\353.jpg,0
image/men\354.jpg,0
image/men\355.jpg,0
image/men\356.jpg,0
image/men\357.jpg,0
image/men\358.jpg,0
image/men\359.jpg,0
image/men\36.jpg,0
image/men\360.jpg,0
image/men\361.jpg,0
image/men\362.jpg,0
image/men\363.jpg,0
image/men\364.jpg,0
image/men\365.jpg,0
image/men\366.jpg,0
image/men\367.jpg,0
image/men\368.jpg,0
image/men\369.jpg,0
image/men\37.jpg,0
image/men\370.jpg,0
image/men\371.jpg,0
image/men\372.jpg,0
image/men\373.jpg,0
image/men\374.jpg,0
image/men\375.jpg,0
image/men\376.jpg,0
image/men\377.jpg,0
image/men\378.jpg,0
image/men\379.jpg,0
image/men\38.jpg,0
image/men\380.jpg,0
image/men\381.jpg,0
image/men\382.jpg,0
image/men\383.jpg,0
image/men\384.jpg,0
image/men\385.jpg,0
image/men\386.jpg,0
image/men\387.jpg,0
image/men\388.jpg,0
image/men\389.jpg,0
image/men\39.jpg,0
image/men\390.jpg,0
image/men\391.jpg,0
image/men\392.jpg,0
image/men\393.jpg,0
image/men\394.jpg,0
image/men\395.jpg,0
image/men\396.jpg,0
image/men\397.jpg,0
image/men\398.jpg,0
image/men\399.jpg,0
image/men\4.jpg,0
image/men\40.jpg,0
image/men\400.jpg,0
image/men\401.jpg,0
image/men\402.jpg,0
image/men\403.jpg,0
image/men\404.jpg,0
image/men\405.jpg,0
image/men\406.jpg,0
image/men\407.jpg,0
image/men\408.jpg,0
image/men\409.jpg,0
image/men\41.jpg,0
image/men\410.jpg,0
image/men\411.jpg,0
image/men\412.jpg,0
image/men\413.jpg,0
image/men\414.jpg,0
image/men\415.jpg,0
image/men\416.jpg,0
image/men\417.jpg,0
image/men\418.jpg,0
image/men\419.jpg,0
image/men\42.jpg,0
image/men\420.jpg,0
image/men\421.jpg,0
image/men\422.jpg,0
image/men\423.jpg,0
image/men\424.jpg,0
image/men\425.jpg,0
image/men\426.jpg,0
image/men\427.jpg,0
image/men\428.jpg,0
image/men\429.jpg,0
image/men\43.jpg,0
image/men\430.jpg,0
image/men\431.jpg,0
image/men\432.jpg,0
image/men\433.jpg,0
image/men\434.jpg,0
image/men\435.jpg,0
image/men\436.jpg,0
image/men\437.jpg,0
image/men\438.jpg,0
image/men\439.jpg,0
image/men\44.jpg,0
image/men\440.jpg,0
image/men\441.jpg,0
image/men\442.jpg,0
image/men\443.jpg,0
image/men\444.jpg,0
image/men\445.jpg,0
image/men\446.jpg,0
image/men\447.jpg,0
image/men\448.jpg,0
image/men\449.jpg,0
image/men\45.jpg,0
image/men\450.jpg,0
image/men\451.jpg,0
image/men\452.jpg,0
image/men\453.jpg,0
image/men\454.jpg,0
image/men\455.jpg,0
image/men\456.jpg,0
image/men\457.jpg,0
image/men\458.jpg,0
image/men\459.jpg,0
image/men\46.jpg,0
image/men\460.jpg,0
image/men\461.jpg,0
image/men\462.jpg,0
image/men\463.jpg,0
image/men\464.jpg,0
image/men\465.jpg,0
image/men\466.jpg,0
image/men\467.jpg,0
image/men\468.jpg,0
image/men\469.jpg,0
image/men\47.jpg,0
image/men\470.jpg,0
image/men\471.jpg,0
image/men\472.jpg,0
image/men\473.jpg,0
image/men\474.jpg,0
image/men\475.jpg,0
image/men\476.jpg,0
image/men\477.jpg,0
image/men\478.jpg,0
image/men\479.jpg,0
image/men\48.jpg,0
image/men\480.jpg,0
image/men\481.jpg,0
image/men\482.jpg,0
image/men\483.jpg,0
image/men\484.jpg,0
image/men\485.jpg,0
image/men\486.jpg,0
image/men\487.jpg,0
image/men\488.jpg,0
image/men\489.jpg,0
image/men\49.jpg,0
image/men\490.jpg,0
image/men\491.jpg,0
image/men\492.jpg,0
image/men\493.jpg,0
image/men\494.jpg,0
image/men\495.jpg,0
image/men\496.jpg,0
image/men\497.jpg,0
image/men\498.jpg,0
image/men\499.jpg,0
image/men\5.jpg,0
image/men\50.jpg,0
image/men\500.jpg,0
image/men\501.jpg,0
image/men\502.jpg,0
image/men\503.jpg,0
image/men\504.jpg,0
image/men\505.jpg,0
image/men\506.jpg,0
image/men\507.jpg,0
image/men\508.jpg,0
image/men\509.jpg,0
image/men\51.jpg,0
image/men\510.jpg,0
image/men\511.jpg,0
image/men\512.jpg,0
image/men\513.jpg,0
image/men\514.jpg,0
image/men\515.jpg,0
image/men\516.jpg,0
image/men\517.jpg,0
image/men\518.jpg,0
image/men\519.jpg,0
image/men\52.jpg,0
image/men\520.jpg,0
image/men\521.jpg,0
image/men\522.jpg,0
image/men\523.jpg,0
image/men\524.jpg,0
image/men\525.jpg,0
image/men\526.jpg,0
image/men\527.jpg,0
image/men\528.jpg,0
image/men\529.jpg,0
image/men\53.jpg,0
image/men\530.jpg,0
image/men\531.jpg,0
image/men\532.jpg,0
image/men\533.jpg,0
image/men\534.jpg,0
image/men\535.jpg,0
image/men\536.jpg,0
image/men\537.jpg,0
image/men\538.jpg,0
image/men\539.jpg,0
image/men\54.jpg,0
image/men\540.jpg,0
image/men\541.jpg,0
image/men\542.jpg,0
image/men\543.jpg,0
image/men\544.jpg,0
image/men\545.jpg,0
image/men\546.jpg,0
image/men\547.jpg,0
image/men\548.jpg,0
image/men\549.jpg,0
image/men\55.jpg,0
image/men\550.jpg,0
image/men\551.jpg,0
image/men\552.jpg,0
image/men\553.jpg,0
image/men\554.jpg,0
image/men\555.jpg,0
image/men\556.jpg,0
image/men\557.jpg,0
image/men\558.jpg,0
image/men\559.jpg,0
image/men\56.jpg,0
image/men\560.jpg,0
image/men\561.jpg,0
image/men\562.jpg,0
image/men\563.jpg,0
image/men\564.jpg,0
image/men\565.jpg,0
image/men\566.jpg,0
image/men\567.jpg,0
image/men\568.jpg,0
image/men\569.jpg,0
image/men\57.jpg,0
image/men\570.jpg,0
image/men\571.jpg,0
image/men\572.jpg,0
image/men\573.jpg,0
image/men\574.jpg,0
image/men\575.jpg,0
image/men\576.jpg,0
image/men\577.jpg,0
image/men\578.jpg,0
image/men\579.jpg,0
image/men\58.jpg,0
image/men\580.jpg,0
image/men\581.jpg,0
image/men\582.jpg,0
image/men\583.jpg,0
image/men\584.jpg,0
image/men\585.jpg,0
image/men\586.jpg,0
image/men\587.jpg,0
image/men\588.jpg,0
image/men\589.jpg,0
image/men\59.jpg,0
image/men\590.jpg,0
image/men\591.jpg,0
image/men\592.jpg,0
image/men\593.jpg,0
image/men\594.jpg,0
image/men\595.jpg,0
image/men\596.jpg,0
image/men\597.jpg,0
image/men\598.jpg,0
image/men\599.jpg,0
image/men\6.jpg,0
image/men\60.jpg,0
image/men\600.jpg,0
image/men\601.jpg,0
image/men\602.jpg,0
image/men\603.jpg,0
image/men\604.jpg,0
image/men\605.jpg,0
image/men\606.jpg,0
image/men\607.jpg,0
image/men\608.jpg,0
image/men\609.jpg,0
image/men\61.jpg,0
image/men\610.jpg,0
image/men\611.jpg,0
image/men\612.jpg,0
image/men\613.jpg,0
image/men\614.jpg,0
image/men\615.jpg,0
image/men\616.jpg,0
image/men\617.jpg,0
image/men\618.jpg,0
image/men\619.jpg,0
image/men\62.jpg,0
image/men\620.jpg,0
image/men\621.jpg,0
image/men\622.jpg,0
image/men\623.jpg,0
image/men\624.jpg,0
image/men\625.jpg,0
image/men\626.jpg,0
image/men\627.jpg,0
image/men\628.jpg,0
image/men\629.jpg,0
image/men\63.jpg,0
image/men\630.jpg,0
image/men\631.jpg,0
image/men\632.jpg,0
image/men\633.jpg,0
image/men\634.jpg,0
image/men\635.jpg,0
image/men\636.jpg,0
image/men\637.jpg,0
image/men\638.jpg,0
image/men\639.jpg,0
image/men\64.jpg,0
image/men\640.jpg,0
image/men\641.jpg,0
image/men\642.jpg,0
image/men\643.jpg,0
image/men\644.jpg,0
image/men\645.jpg,0
image/men\646.jpg,0
image/men\647.jpg,0
image/men\648.jpg,0
image/men\649.jpg,0
image/men\65.jpg,0
image/men\650.jpg,0
image/men\651.jpg,0
image/men\652.jpg,0
image/men\653.jpg,0
image/men\654.jpg,0
image/men\655.jpg,0
image/men\656.jpg,0
image/men\657.jpg,0
image/men\658.jpg,0
image/men\659.jpg,0
image/men\66.jpg,0
image/men\660.jpg,0
image/men\661.jpg,0
image/men\662.jpg,0
image/men\663.jpg,0
image/men\664.jpg,0
image/men\665.jpg,0
image/men\666.jpg,0
image/men\667.jpg,0
image/men\668.jpg,0
image/men\669.jpg,0
image/men\67.jpg,0
image/men\670.jpg,0
image/men\671.jpg,0
image/men\672.jpg,0
image/men\673.jpg,0
image/men\674.jpg,0
image/men\675.jpg,0
image/men\676.jpg,0
image/men\677.jpg,0
image/men\678.jpg,0
image/men\679.jpg,0
image/men\68.jpg,0
image/men\680.jpg,0
image/men\681.jpg,0
image/men\682.jpg,0
image/men\683.jpg,0
image/men\684.jpg,0
image/men\685.jpg,0
image/men\686.jpg,0
image/men\687.jpg,0
image/men\688.jpg,0
image/men\689.jpg,0
image/men\69.jpg,0
image/men\690.jpg,0
image/men\691.jpg,0
image/men\692.jpg,0
image/men\693.jpg,0
image/men\694.jpg,0
image/men\695.jpg,0
image/men\696.jpg,0
image/men\697.jpg,0
image/men\698.jpg,0
image/men\699.jpg,0
image/men\7.jpg,0
image/men\70.jpg,0
image/men\700.jpg,0
image/men\701.jpg,0
image/men\702.jpg,0
image/men\703.jpg,0
image/men\704.jpg,0
image/men\705.jpg,0
image/men\706.jpg,0
image/men\707.jpg,0
image/men\708.jpg,0
image/men\709.jpg,0
image/men\71.jpg,0
image/men\710.jpg,0
image/men\711.jpg,0
image/men\712.jpg,0
image/men\713.jpg,0
image/men\714.jpg,0
image/men\715.jpg,0
image/men\716.jpg,0
image/men\717.jpg,0
image/men\718.jpg,0
image/men\719.jpg,0
image/men\72.jpg,0
image/men\720.jpg,0
image/men\721.jpg,0
image/men\722.jpg,0
image/men\723.jpg,0
image/men\724.jpg,0
image/men\725.jpg,0
image/men\726.jpg,0
image/men\727.jpg,0
image/men\728.jpg,0
image/men\729.jpg,0
image/men\73.jpg,0
image/men\730.jpg,0
image/men\731.jpg,0
image/men\732.jpg,0
image/men\733.jpg,0
image/men\734.jpg,0
image/men\735.jpg,0
image/men\736.jpg,0
image/men\737.jpg,0
image/men\738.jpg,0
image/men\739.jpg,0
image/men\74.jpg,0
image/men\740.jpg,0
image/men\741.jpg,0
image/men\742.jpg,0
image/men\743.jpg,0
image/men\744.jpg,0
image/men\745.jpg,0
image/men\746.jpg,0
image/men\747.jpg,0
image/men\748.jpg,0
image/men\749.jpg,0
image/men\75.jpg,0
image/men\750.jpg,0
image/men\751.jpg,0
image/men\752.jpg,0
image/men\753.jpg,0
image/men\754.jpg,0
image/men\755.jpg,0
image/men\756.jpg,0
image/men\757.jpg,0
image/men\758.jpg,0
image/men\759.jpg,0
image/men\76.jpg,0
image/men\760.jpg,0
image/men\761.jpg,0
image/men\762.jpg,0
image/men\763.jpg,0
image/men\764.jpg,0
image/men\765.jpg,0
image/men\766.jpg,0
image/men\767.jpg,0
image/men\768.jpg,0
image/men\769.jpg,0
image/men\77.jpg,0
image/men\770.jpg,0
image/men\771.jpg,0
image/men\772.jpg,0
image/men\773.jpg,0
image/men\774.jpg,0
image/men\775.jpg,0
image/men\776.jpg,0
image/men\777.jpg,0
image/men\778.jpg,0
image/men\779.jpg,0
image/men\78.jpg,0
image/men\780.jpg,0
image/men\781.jpg,0
image/men\782.jpg,0
image/men\783.jpg,0
image/men\784.jpg,0
image/men\785.jpg,0
image/men\786.jpg,0
image/men\787.jpg,0
image/men\788.jpg,0
image/men\789.jpg,0
image/men\79.jpg,0
image/men\790.jpg,0
image/men\791.jpg,0
image/men\792.jpg,0
image/men\793.jpg,0
image/men\794.jpg,0
image/men\795.jpg,0
image/men\796.jpg,0
image/men\797.jpg,0
image/men\798.jpg,0
image/men\799.jpg,0
image/men\8.jpg,0
image/men\80.jpg,0
image/men\800.jpg,0
image/men\801.jpg,0
image/men\802.jpg,0
image/men\803.jpg,0
image/men\804.jpg,0
image/men\805.jpg,0
image/men\806.jpg,0
image/men\807.jpg,0
image/men\808.jpg,0
image/men\809.jpg,0
image/men\81.jpg,0
image/men\810.jpg,0
image/men\811.jpg,0
image/men\812.jpg,0
image/men\813.jpg,0
image/men\814.jpg,0
image/men\815.jpg,0
image/men\816.jpg,0
image/men\817.jpg,0
image/men\818.jpg,0
image/men\819.jpg,0
image/men\82.jpg,0
image/men\820.jpg,0
image/men\821.jpg,0
image/men\822.jpg,0
image/men\823.jpg,0
image/men\824.jpg,0
image/men\825.jpg,0
image/men\826.jpg,0
image/men\827.jpg,0
image/men\828.jpg,0
image/men\829.jpg,0
image/men\83.jpg,0
image/men\830.jpg,0
image/men\831.jpg,0
image/men\832.jpg,0
image/men\833.jpg,0
image/men\84.jpg,0
image/men\85.jpg,0
image/men\86.jpg,0
image/men\87.jpg,0
image/men\88.jpg,0
image/men\89.jpg,0
image/men\9.jpg,0
image/men\90.jpg,0
image/men\91.jpg,0
image/men\92.jpg,0
image/men\93.jpg,0
image/men\94.jpg,0
image/men\95.jpg,0
image/men\96.jpg,0
image/men\97.jpg,0
image/men\98.jpg,0
image/men\99.jpg,0
image/women\1.jpg,1
image/women\10.jpg,1
image/women\100.jpg,1
image/women\101.jpg,1
image/women\102.jpg,1
image/women\103.jpg,1
image/women\104.jpg,1
image/women\105.jpg,1
image/women\106.jpg,1
image/women\107.jpg,1
image/women\108.jpg,1
image/women\109.jpg,1
image/women\11.jpg,1
image/women\110.jpg,1
image/women\111.jpg,1
image/women\112.jpg,1
image/women\113.jpg,1
image/women\114.jpg,1
image/women\115.jpg,1
image/women\116.jpg,1
image/women\117.jpg,1
image/women\118.jpg,1
image/women\119.jpg,1
image/women\12.jpg,1
image/women\120.jpg,1
image/women\121.jpg,1
image/women\122.jpg,1
image/women\123.jpg,1
image/women\124.jpg,1
image/women\125.jpg,1
image/women\126.jpg,1
image/women\127.jpg,1
image/women\128.jpg,1
image/women\129.jpg,1
image/women\13.jpg,1
image/women\130.jpg,1
image/women\131.jpg,1
image/women\132.jpg,1
image/women\133.jpg,1
image/women\134.jpg,1
image/women\135.jpg,1
image/women\136.jpg,1
image/women\137.jpg,1
image/women\138.jpg,1
image/women\139.jpg,1
image/women\14.jpg,1
image/women\140.jpg,1
image/women\141.jpg,1
image/women\142.jpg,1
image/women\143.jpg,1
image/women\144.jpg,1
image/women\145.jpg,1
image/women\146.jpg,1
image/women\147.jpg,1
image/women\148.jpg,1
image/women\149.jpg,1
image/women\15.jpg,1
image/women\150.jpg,1
image/women\151.jpg,1
image/women\152.jpg,1
image/women\153.jpg,1
image/women\154.jpg,1
image/women\155.jpg,1
image/women\156.jpg,1
image/women\157.jpg,1
image/women\158.jpg,1
image/women\159.jpg,1
image/women\16.jpg,1
image/women\160.jpg,1
image/women\161.jpg,1
image/women\162.jpg,1
image/women\163.jpg,1
image/women\164.jpg,1
image/women\165.jpg,1
image/women\166.jpg,1
image/women\167.jpg,1
image/women\168.jpg,1
image/women\169.jpg,1
image/women\17.jpg,1
image/women\170.jpg,1
image/women\171.jpg,1
image/women\172.jpg,1
image/women\173.jpg,1
image/women\174.jpg,1
image/women\175.jpg,1
image/women\176.jpg,1
image/women\177.jpg,1
image/women\178.jpg,1
image/women\179.jpg,1
image/women\18.jpg,1
image/women\180.jpg,1
image/women\181.jpg,1
image/women\182.jpg,1
image/women\183.jpg,1
image/women\184.jpg,1
image/women\185.jpg,1
image/women\186.jpg,1
image/women\187.jpg,1
image/women\188.jpg,1
image/women\189.jpg,1
image/women\19.jpg,1
image/women\190.jpg,1
image/women\191.jpg,1
image/women\192.jpg,1
image/women\193.jpg,1
image/women\194.jpg,1
image/women\195.jpg,1
image/women\196.jpg,1
image/women\197.jpg,1
image/women\198.jpg,1
image/women\199.jpg,1
image/women\2.jpg,1
image/women\20.jpg,1
image/women\200.jpg,1
image/women\201.jpg,1
image/women\202.jpg,1
image/women\203.jpg,1
image/women\204.jpg,1
image/women\205.jpg,1
image/women\206.jpg,1
image/women\207.jpg,1
image/women\208.jpg,1
image/women\209.jpg,1
image/women\21.jpg,1
image/women\210.jpg,1
image/women\211.jpg,1
image/women\212.jpg,1
image/women\213.jpg,1
image/women\214.jpg,1
image/women\215.jpg,1
image/women\216.jpg,1
image/women\217.jpg,1
image/women\218.jpg,1
image/women\219.jpg,1
image/women\22.jpg,1
image/women\220.jpg,1
image/women\221.jpg,1
image/women\222.jpg,1
image/women\223.jpg,1
image/women\224.jpg,1
image/women\225.jpg,1
image/women\226.jpg,1
image/women\227.jpg,1
image/women\228.jpg,1
image/women\229.jpg,1
image/women\23.jpg,1
image/women\230.jpg,1
image/women\231.jpg,1
image/women\232.jpg,1
image/women\233.jpg,1
image/women\234.jpg,1
image/women\235.jpg,1
image/women\236.jpg,1
image/women\237.jpg,1
image/women\238.jpg,1
image/women\239.jpg,1
image/women\24.jpg,1
image/women\240.jpg,1
image/women\241.jpg,1
image/women\242.jpg,1
image/women\243.jpg,1
image/women\244.jpg,1
image/women\245.jpg,1
image/women\246.jpg,1
image/women\247.jpg,1
image/women\248.jpg,1
image/women\249.jpg,1
image/women\25.jpg,1
image/women\250.jpg,1
image/women\251.jpg,1
image/women\252.jpg,1
image/women\253.jpg,1
image/women\254.jpg,1
image/women\255.jpg,1
image/women\256.jpg,1
image/women\257.jpg,1
image/women\258.jpg,1
image/women\259.jpg,1
image/women\26.jpg,1
image/women\260.jpg,1
image/women\261.jpg,1
image/women\262.jpg,1
image/women\263.jpg,1
image/women\264.jpg,1
image/women\265.jpg,1
image/women\266.jpg,1
image/women\267.jpg,1
image/women\268.jpg,1
image/women\269.jpg,1
image/women\27.jpg,1
image/women\270.jpg,1
image/women\271.jpg,1
image/women\272.jpg,1
image/women\273.jpg,1
image/women\274.jpg,1
image/women\275.jpg,1
image/women\276.jpg,1
image/women\277.jpg,1
image/women\278.jpg,1
image/women\279.jpg,1
image/women\28.jpg,1
image/women\280.jpg,1
image/women\281.jpg,1
image/women\282.jpg,1
image/women\283.jpg,1
image/women\284.jpg,1
image/women\285.jpg,1
image/women\286.jpg,1
image/women\287.jpg,1
image/women\288.jpg,1
image/women\289.jpg,1
image/women\29.jpg,1
image/women\290.jpg,1
image/women\291.jpg,1
image/women\292.jpg,1
image/women\293.jpg,1
image/women\294.jpg,1
image/women\295.jpg,1
image/women\296.jpg,1
image/women\297.jpg,1
image/women\298.jpg,1
image/women\299.jpg,1
image/women\3.jpg,1
image/women\30.jpg,1
image/women\300.jpg,1
image/women\301.jpg,1
image/women\302.jpg,1
image/women\303.jpg,1
image/women\304.jpg,1
image/women\305.jpg,1
image/women\306.jpg,1
image/women\307.jpg,1
image/women\308.jpg,1
image/women\309.jpg,1
image/women\31.jpg,1
image/women\310.jpg,1
image/women\311.jpg,1
image/women\312.jpg,1
image/women\313.jpg,1
image/women\314.jpg,1
image/women\315.jpg,1
image/women\316.jpg,1
image/women\317.jpg,1
image/women\318.jpg,1
image/women\319.jpg,1
image/women\32.jpg,1
image/women\320.jpg,1
image/women\321.jpg,1
image/women\322.jpg,1
image/women\323.jpg,1
image/women\324.jpg,1
image/women\325.jpg,1
image/women\326.jpg,1
image/women\327.jpg,1
image/women\328.jpg,1
image/women\329.jpg,1
image/women\33.jpg,1
image/women\330.jpg,1
image/women\331.jpg,1
image/women\332.jpg,1
image/women\333.jpg,1
image/women\334.jpg,1
image/women\335.jpg,1
image/women\336.jpg,1
image/women\337.jpg,1
image/women\338.jpg,1
image/women\339.jpg,1
image/women\34.jpg,1
image/women\340.jpg,1
image/women\341.jpg,1
image/women\342.jpg,1
image/women\343.jpg,1
image/women\344.jpg,1
image/women\345.jpg,1
image/women\346.jpg,1
image/women\347.jpg,1
image/women\348.jpg,1
image/women\349.jpg,1
image/women\35.jpg,1
image/women\350.jpg,1
image/women\351.jpg,1
image/women\352.jpg,1
image/women\353.jpg,1
image/women\354.jpg,1
image/women\355.jpg,1
image/women\356.jpg,1
image/women\357.jpg,1
image/women\358.jpg,1
image/women\359.jpg,1
image/women\36.jpg,1
image/women\360.jpg,1
image/women\361.jpg,1
image/women\362.jpg,1
image/women\363.jpg,1
image/women\364.jpg,1
image/women\365.jpg,1
image/women\366.jpg,1
image/women\367.jpg,1
image/women\368.jpg,1
image/women\369.jpg,1
image/women\37.jpg,1
image/women\370.jpg,1
image/women\371.jpg,1
image/women\372.jpg,1
image/women\373.jpg,1
image/women\374.jpg,1
image/women\375.jpg,1
image/women\376.jpg,1
image/women\377.jpg,1
image/women\378.jpg,1
image/women\379.jpg,1
image/women\38.jpg,1
image/women\380.jpg,1
image/women\381.jpg,1
image/women\382.jpg,1
image/women\383.jpg,1
image/women\384.jpg,1
image/women\385.jpg,1
image/women\386.jpg,1
image/women\387.jpg,1
image/women\388.jpg,1
image/women\389.jpg,1
image/women\39.jpg,1
image/women\390.jpg,1
image/women\391.jpg,1
image/women\392.jpg,1
image/women\393.jpg,1
image/women\394.jpg,1
image/women\395.jpg,1
image/women\396.jpg,1
image/women\397.jpg,1
image/women\398.jpg,1
image/women\399.jpg,1
image/women\4.jpg,1
image/women\40.jpg,1
image/women\400.jpg,1
image/women\401.jpg,1
image/women\402.jpg,1
image/women\403.jpg,1
image/women\404.jpg,1
image/women\405.jpg,1
image/women\406.jpg,1
image/women\407.jpg,1
image/women\408.jpg,1
image/women\409.jpg,1
image/women\41.jpg,1
image/women\410.jpg,1
image/women\411.jpg,1
image/women\412.jpg,1
image/women\413.jpg,1
image/women\414.jpg,1
image/women\415.jpg,1
image/women\416.jpg,1
image/women\417.jpg,1
image/women\418.jpg,1
image/women\419.jpg,1
image/women\42.jpg,1
image/women\420.jpg,1
image/women\421.jpg,1
image/women\422.jpg,1
image/women\423.jpg,1
image/women\424.jpg,1
image/women\425.jpg,1
image/women\426.jpg,1
image/women\427.jpg,1
image/women\428.jpg,1
image/women\429.jpg,1
image/women\43.jpg,1
image/women\430.jpg,1
image/women\431.jpg,1
image/women\432.jpg,1
image/women\433.jpg,1
image/women\434.jpg,1
image/women\435.jpg,1
image/women\436.jpg,1
image/women\437.jpg,1
image/women\438.jpg,1
image/women\439.jpg,1
image/women\44.jpg,1
image/women\440.jpg,1
image/women\441.jpg,1
image/women\442.jpg,1
image/women\443.jpg,1
image/women\444.jpg,1
image/women\445.jpg,1
image/women\446.jpg,1
image/women\447.jpg,1
image/women\448.jpg,1
image/women\449.jpg,1
image/women\45.jpg,1
image/women\450.jpg,1
image/women\451.jpg,1
image/women\452.jpg,1
image/women\453.jpg,1
image/women\454.jpg,1
image/women\455.jpg,1
image/women\456.jpg,1
image/women\457.jpg,1
image/women\458.jpg,1
image/women\459.jpg,1
image/women\46.jpg,1
image/women\460.jpg,1
image/women\461.jpg,1
image/women\462.jpg,1
image/women\463.jpg,1
image/women\464.jpg,1
image/women\465.jpg,1
image/women\466.jpg,1
image/women\467.jpg,1
image/women\468.jpg,1
image/women\469.jpg,1
image/women\47.jpg,1
image/women\470.jpg,1
image/women\471.jpg,1
image/women\472.jpg,1
image/women\473.jpg,1
image/women\474.jpg,1
image/women\475.jpg,1
image/women\476.jpg,1
image/women\477.jpg,1
image/women\478.jpg,1
image/women\479.jpg,1
image/women\48.jpg,1
image/women\480.jpg,1
image/women\481.jpg,1
image/women\482.jpg,1
image/women\483.jpg,1
image/women\484.jpg,1
image/women\485.jpg,1
image/women\486.jpg,1
image/women\487.jpg,1
image/women\488.jpg,1
image/women\489.jpg,1
image/women\49.jpg,1
image/women\490.jpg,1
image/women\491.jpg,1
image/women\492.jpg,1
image/women\493.jpg,1
image/women\494.jpg,1
image/women\495.jpg,1
image/women\496.jpg,1
image/women\497.jpg,1
image/women\498.jpg,1
image/women\499.jpg,1
image/women\5.jpg,1
image/women\50.jpg,1
image/women\500.jpg,1
image/women\501.jpg,1
image/women\502.jpg,1
image/women\503.jpg,1
image/women\504.jpg,1
image/women\505.jpg,1
image/women\506.jpg,1
image/women\507.jpg,1
image/women\508.jpg,1
image/women\509.jpg,1
image/women\51.jpg,1
image/women\510.jpg,1
image/women\511.jpg,1
image/women\512.jpg,1
image/women\513.jpg,1
image/women\514.jpg,1
image/women\515.jpg,1
image/women\516.jpg,1
image/women\517.jpg,1
image/women\518.jpg,1
image/women\519.jpg,1
image/women\52.jpg,1
image/women\520.jpg,1
image/women\521.jpg,1
image/women\522.jpg,1
image/women\523.jpg,1
image/women\524.jpg,1
image/women\525.jpg,1
image/women\526.jpg,1
image/women\527.jpg,1
image/women\528.jpg,1
image/women\529.jpg,1
image/women\53.jpg,1
image/women\530.jpg,1
image/women\531.jpg,1
image/women\532.jpg,1
image/women\533.jpg,1
image/women\534.jpg,1
image/women\535.jpg,1
image/women\536.jpg,1
image/women\537.jpg,1
image/women\538.jpg,1
image/women\539.jpg,1
image/women\54.jpg,1
image/women\540.jpg,1
image/women\541.jpg,1
image/women\542.jpg,1
image/women\543.jpg,1
image/women\544.jpg,1
image/women\545.jpg,1
image/women\546.jpg,1
image/women\547.jpg,1
image/women\548.jpg,1
image/women\549.jpg,1
image/women\55.jpg,1
image/women\550.jpg,1
image/women\551.jpg,1
image/women\552.jpg,1
image/women\553.jpg,1
image/women\554.jpg,1
image/women\555.jpg,1
image/women\556.jpg,1
image/women\557.jpg,1
image/women\558.jpg,1
image/women\559.jpg,1
image/women\56.jpg,1
image/women\560.jpg,1
image/women\561.jpg,1
image/women\562.jpg,1
image/women\563.jpg,1
image/women\564.jpg,1
image/women\565.jpg,1
image/women\566.jpg,1
image/women\567.jpg,1
image/women\568.jpg,1
image/women\569.jpg,1
image/women\57.jpg,1
image/women\570.jpg,1
image/women\571.jpg,1
image/women\572.jpg,1
image/women\573.jpg,1
image/women\574.jpg,1
image/women\575.jpg,1
image/women\576.jpg,1
image/women\577.jpg,1
image/women\578.jpg,1
image/women\579.jpg,1
image/women\58.jpg,1
image/women\580.jpg,1
image/women\581.jpg,1
image/women\582.jpg,1
image/women\583.jpg,1
image/women\584.jpg,1
image/women\585.jpg,1
image/women\586.jpg,1
image/women\587.jpg,1
image/women\588.jpg,1
image/women\589.jpg,1
image/women\59.jpg,1
image/women\590.jpg,1
image/women\591.jpg,1
image/women\592.jpg,1
image/women\593.jpg,1
image/women\594.jpg,1
image/women\595.jpg,1
image/women\596.jpg,1
image/women\597.jpg,1
image/women\598.jpg,1
image/women\599.jpg,1
image/women\6.jpg,1
image/women\60.jpg,1
image/women\600.jpg,1
image/women\601.jpg,1
image/women\602.jpg,1
image/women\603.jpg,1
image/women\604.jpg,1
image/women\605.jpg,1
image/women\606.jpg,1
image/women\607.jpg,1
image/women\608.jpg,1
image/women\609.jpg,1
image/women\61.jpg,1
image/women\610.jpg,1
image/women\611.jpg,1
image/women\612.jpg,1
image/women\613.jpg,1
image/women\614.jpg,1
image/women\615.jpg,1
image/women\616.jpg,1
image/women\617.jpg,1
image/women\618.jpg,1
image/women\619.jpg,1
image/women\62.jpg,1
image/women\620.jpg,1
image/women\621.jpg,1
image/women\622.jpg,1
image/women\623.jpg,1
image/women\624.jpg,1
image/women\625.jpg,1
image/women\626.jpg,1
image/women\627.jpg,1
image/women\628.jpg,1
image/women\629.jpg,1
image/women\63.jpg,1
image/women\630.jpg,1
image/women\631.jpg,1
image/women\632.jpg,1
image/women\633.jpg,1
image/women\634.jpg,1
image/women\635.jpg,1
image/women\636.jpg,1
image/women\637.jpg,1
image/women\638.jpg,1
image/women\639.jpg,1
image/women\64.jpg,1
image/women\640.jpg,1
image/women\641.jpg,1
image/women\642.jpg,1
image/women\643.jpg,1
image/women\644.jpg,1
image/women\645.jpg,1
image/women\646.jpg,1
image/women\647.jpg,1
image/women\648.jpg,1
image/women\649.jpg,1
image/women\65.jpg,1
image/women\650.jpg,1
image/women\651.jpg,1
image/women\652.jpg,1
image/women\653.jpg,1
image/women\654.jpg,1
image/women\655.jpg,1
image/women\656.jpg,1
image/women\657.jpg,1
image/women\658.jpg,1
image/women\659.jpg,1
image/women\66.jpg,1
image/women\660.jpg,1
image/women\661.jpg,1
image/women\662.jpg,1
image/women\663.jpg,1
image/women\664.jpg,1
image/women\665.jpg,1
image/women\666.jpg,1
image/women\667.jpg,1
image/women\668.jpg,1
image/women\669.jpg,1
image/women\67.jpg,1
image/women\670.jpg,1
image/women\671.jpg,1
image/women\672.jpg,1
image/women\673.jpg,1
image/women\674.jpg,1
image/women\675.jpg,1
image/women\676.jpg,1
image/women\677.jpg,1
image/women\678.jpg,1
image/women\679.jpg,1
image/women\68.jpg,1
image/women\680.jpg,1
image/women\681.jpg,1
image/women\682.jpg,1
image/women\683.jpg,1
image/women\684.jpg,1
image/women\685.jpg,1
image/women\686.jpg,1
image/women\687.jpg,1
image/women\688.jpg,1
image/women\689.jpg,1
image/women\69.jpg,1
image/women\690.jpg,1
image/women\691.jpg,1
image/women\692.jpg,1
image/women\693.jpg,1
image/women\694.jpg,1
image/women\695.jpg,1
image/women\696.jpg,1
image/women\697.jpg,1
image/women\698.jpg,1
image/women\699.jpg,1
image/women\7.jpg,1
image/women\70.jpg,1
image/women\700.jpg,1
image/women\701.jpg,1
image/women\702.jpg,1
image/women\703.jpg,1
image/women\704.jpg,1
image/women\705.jpg,1
image/women\706.jpg,1
image/women\707.jpg,1
image/women\708.jpg,1
image/women\709.jpg,1
image/women\71.jpg,1
image/women\710.jpg,1
image/women\711.jpg,1
image/women\712.jpg,1
image/women\713.jpg,1
image/women\714.jpg,1
image/women\715.jpg,1
image/women\716.jpg,1
image/women\717.jpg,1
image/women\718.jpg,1
image/women\719.jpg,1
image/women\72.jpg,1
image/women\720.jpg,1
image/women\721.jpg,1
image/women\722.jpg,1
image/women\723.jpg,1
image/women\724.jpg,1
image/women\725.jpg,1
image/women\726.jpg,1
image/women\727.jpg,1
image/women\728.jpg,1
image/women\729.jpg,1
image/women\73.jpg,1
image/women\730.jpg,1
image/women\731.jpg,1
image/women\732.jpg,1
image/women\733.jpg,1
image/women\734.jpg,1
image/women\735.jpg,1
image/women\736.jpg,1
image/women\737.jpg,1
image/women\738.jpg,1
image/women\739.jpg,1
image/women\74.jpg,1
image/women\740.jpg,1
image/women\741.jpg,1
image/women\742.jpg,1
image/women\743.jpg,1
image/women\744.jpg,1
image/women\745.jpg,1
image/women\746.jpg,1
image/women\747.jpg,1
image/women\748.jpg,1
image/women\749.jpg,1
image/women\75.jpg,1
image/women\750.jpg,1
image/women\751.jpg,1
image/women\752.jpg,1
image/women\753.jpg,1
image/women\754.jpg,1
image/women\755.jpg,1
image/women\756.jpg,1
image/women\757.jpg,1
image/women\758.jpg,1
image/women\759.jpg,1
image/women\76.jpg,1
image/women\760.jpg,1
image/women\761.jpg,1
image/women\762.jpg,1
image/women\763.jpg,1
image/women\764.jpg,1
image/women\765.jpg,1
image/women\766.jpg,1
image/women\767.jpg,1
image/women\768.jpg,1
image/women\769.jpg,1
image/women\77.jpg,1
image/women\770.jpg,1
image/women\771.jpg,1
image/women\772.jpg,1
image/women\773.jpg,1
image/women\774.jpg,1
image/women\775.jpg,1
image/women\776.jpg,1
image/women\777.jpg,1
image/women\778.jpg,1
image/women\779.jpg,1
image/women\78.jpg,1
image/women\780.jpg,1
image/women\781.jpg,1
image/women\782.jpg,1
image/women\783.jpg,1
image/women\784.jpg,1
image/women\785.jpg,1
image/women\786.jpg,1
image/women\787.jpg,1
image/women\788.jpg,1
image/women\789.jpg,1
image/women\79.jpg,1
image/women\790.jpg,1
image/women\791.jpg,1
image/women\792.jpg,1
image/women\793.jpg,1
image/women\794.jpg,1
image/women\795.jpg,1
image/women\796.jpg,1
image/women\797.jpg,1
image/women\798.jpg,1
image/women\799.jpg,1
image/women\8.jpg,1
image/women\80.jpg,1
image/women\800.jpg,1
image/women\801.jpg,1
image/women\802.jpg,1
image/women\803.jpg,1
image/women\804.jpg,1
image/women\805.jpg,1
image/women\806.jpg,1
image/women\807.jpg,1
image/women\808.jpg,1
image/women\809.jpg,1
image/women\81.jpg,1
image/women\810.jpg,1
image/women\811.jpg,1
image/women\812.jpg,1
image/women\813.jpg,1
image/women\814.jpg,1
image/women\815.jpg,1
image/women\816.jpg,1
image/women\817.jpg,1
image/women\818.jpg,1
image/women\819.jpg,1
image/women\82.jpg,1
image/women\820.jpg,1
image/women\821.jpg,1
image/women\822.jpg,1
image/women\823.jpg,1
image/women\824.jpg,1
image/women\825.jpg,1
image/women\826.jpg,1
image/women\827.jpg,1
image/women\828.jpg,1
image/women\829.jpg,1
image/women\83.jpg,1
image/women\830.jpg,1
image/women\831.jpg,1
image/women\832.jpg,1
image/women\833.jpg,1
image/women\834.jpg,1
image/women\835.jpg,1
image/women\84.jpg,1
image/women\85.jpg,1
image/women\86.jpg,1
image/women\87.jpg,1
image/women\88.jpg,1
image/women\89.jpg,1
image/women\9.jpg,1
image/women\90.jpg,1
image/women\91.jpg,1
image/women\92.jpg,1
image/women\93.jpg,1
image/women\94.jpg,1
image/women\95.jpg,1
image/women\96.jpg,1
image/women\97.jpg,1
image/women\98.jpg,1
image/women\99.jpg,1
